{"cameraMode":{"drawMode":0,"name":"Shaded","section":"Shading Mode"},"sceneLighting":false,"audioPlay":false,"sceneViewState":{"showFog":true,"showMaterialUpdate":false,"showSkybox":true,"showFlares":true,"showImageEffects":true,"showParticleSystems":true},"in2DMode":false,"pivot":{"x":-16.5906982421875,"y":18.82950782775879,"z":-27.244924545288087},"rotation":{"x":0.4549541771411896,"y":-0.02883465401828289,"z":0.01460485253483057,"w":0.8901031017303467},"size":3.0310888290405275,"orthographic":false}